<?xml version='1.0'?>
<hydrogens>
    <class>
        <name>HIS</name>
        <opttype>Flip</opttype>
        <optangle>CA CB CG ND1</optangle>
        <atom>
           <name>HD1</name>
        </atom>
        <atom>
           <name>HD2</name>
        </atom>
        <atom>
           <name>HE1</name>
        </atom>
        <atom>
           <name>HE2</name>
        </atom>
    </class>
    <class>
        <name>ASN</name>
        <opttype>Flip</opttype>
        <optangle>CA CB CG OD1</optangle>
        <atom>
           <name>HD21</name>
        </atom>
        <atom>
           <name>HD22</name>
        </atom>
    </class>
    <class>
        <name>GLN</name>
        <opttype>Flip</opttype>
        <optangle>CB CG CD OE1</optangle>
        <atom>
           <name>HE21</name>
        </atom>
        <atom>
           <name>HE22</name>
        </atom>
    </class>
    <class>
        <name>ASH</name>
        <opttype>Carboxylic</opttype>
        <optangle>CA CB CG OD1</optangle>
        <atom>
           <name>HD2</name>
           <bond>OD2</bond>
        </atom>
        <atom>
           <name>HD1</name>
           <bond>OD1</bond>
        </atom>
    </class>
    <class>
        <name>GLH</name>
        <opttype>Carboxylic</opttype>
        <optangle>CB CG CD OE1</optangle>
        <atom>
           <name>HE2</name>
           <bond>OE2</bond>
        </atom>
        <atom>
           <name>HE1</name>
           <bond>OE1</bond>
        </atom>
    </class>
    <class>
        <name>CYS</name>
        <opttype>Alcoholic</opttype>
        <atom>
           <name>HG</name>
        </atom>
    </class>
    <class>
        <name>SER</name>
        <opttype>Alcoholic</opttype>
        <atom>
           <name>HG</name>
        </atom>
    </class>
    <class>
        <name>THR</name>
        <opttype>Alcoholic</opttype>
        <atom>
           <name>HG1</name>
        </atom>
    </class>
    <class>
        <name>TYR</name>
        <opttype>Alcoholic</opttype>
        <atom>
           <name>HH</name>
        </atom>
    </class>
    <class>
        <name>WAT</name>
        <opttype>Water</opttype>
    </class>
</hydrogens>
